Praveen Kumar,https://www.linkedin.com/in/praveentech/,praveenscience
Manish Kumar,https://www.linkedin.com/in/manishkumar07,Manish-Kumar7
Prachi Pancholi,https://www.linkedin.com/in/prachipancholi/,prachipancholi
Pankaj Singh Kanyal,https://www.linkedin.com/in/pankaj-kanyal-2060291b2/,pankajsingh_016
Shikha,https://www.linkedin.com/in/shikha-lodhi,shikha2961
Sparsh Mehta,https://www.linkedin.com/in/sparsh-mehta-058585158/,sipsmehta
Hariket Sukesh Kumar Sheth,https://www.linkedin.com/in/hariketsheth,hariketsheth
Abir Pal,https://linkedin.com/in/imabp,imabp
Kalyanjit Das,https://www.linkedin.com/in/kalyanjit-das,Kalyanjitdas
Yash Baghel,https://www.linkedin.com/in/yash-baghel-182618209/,IamBaghel-0
Abhinav Guglani,https://www.linkedin.com/in/abhinav-guglani-993725175,abhinavguglani